{"acc_1": 26.8572937991151, "acc_5": 67.86634088357657, "acc_cl_1": {"Tshirts": [0.20667284522706209, 892.0, 4316.0], "Shirts": [0.8485864877815046, 1771.0, 2087.0], "Casual Shoes": [0.1637065637065637, 212.0, 1295.0], "Watches": [0.7, 42.0, 60.0], "Sports Shoes": [0.1393939393939394, 161.0, 1155.0], "Kurtas": [0.109375, 77.0, 704.0], "Tops": [0.08108108108108109, 57.0, 703.0], "Handbags": [0.601593625498008, 453.0, 753.0], "Heels": [0.06934306569343066, 38.0, 548.0], "Sunglasses": [0.0, 0.0, 31.0], "Wallets": [0.38095238095238093, 128.0, 336.0], "Flip Flops": [0.029484029484029485, 12.0, 407.0], "Sandals": [0.007142857142857143, 3.0, 420.0], "Briefs": [0.46524064171123, 87.0, 187.0], "Belts": [0.003115264797507788, 1.0, 321.0], "Backpacks": [0.08176100628930817, 39.0, 477.0], "Socks": [0.4143646408839779, 75.0, 181.0], "Formal Shoes": [0.0035971223021582736, 1.0, 278.0], "Perfume and Body Mist": [0.0, 0.0, 613.0], "Jeans": [0.06642066420664207, 18.0, 271.0]}, "acc_cl_5": {"Tshirts": [0.7490732159406858, 3233.0, 4316.0], "Shirts": [0.9631049353138477, 2010.0, 2087.0], "Casual Shoes": [0.8231660231660232, 1066.0, 1295.0], "Watches": [0.9833333333333333, 59.0, 60.0], "Sports Shoes": [0.7376623376623377, 852.0, 1155.0], "Kurtas": [0.765625, 539.0, 704.0], "Tops": [0.620199146514936, 436.0, 703.0], "Handbags": [0.9787516600265604, 737.0, 753.0], "Heels": [0.29927007299270075, 164.0, 548.0], "Sunglasses": [0.3225806451612903, 10.0, 31.0], "Wallets": [0.9047619047619048, 304.0, 336.0], "Flip Flops": [0.23095823095823095, 94.0, 407.0], "Sandals": [0.07380952380952381, 31.0, 420.0], "Briefs": [0.8342245989304813, 156.0, 187.0], "Belts": [0.17757009345794392, 57.0, 321.0], "Backpacks": [0.48218029350104824, 230.0, 477.0], "Socks": [0.7734806629834254, 140.0, 181.0], "Formal Shoes": [0.08273381294964029, 23.0, 278.0], "Perfume and Body Mist": [0.0, 0.0, 613.0], "Jeans": [0.5018450184501845, 136.0, 271.0]}}