{"acc_1": 86.42937330779898, "acc_5": 95.58872086112395, "acc_cl_1": {"Tshirts": [0.9420759962928638, 4066.0, 4316.0], "Shirts": [0.9664590321034978, 2017.0, 2087.0], "Casual Shoes": [0.877992277992278, 1137.0, 1295.0], "Watches": [1.0, 60.0, 60.0], "Sports Shoes": [0.7627705627705628, 881.0, 1155.0], "Kurtas": [0.8920454545454546, 628.0, 704.0], "Tops": [0.6130867709815079, 431.0, 703.0], "Handbags": [0.949535192563081, 715.0, 753.0], "Heels": [0.8613138686131386, 472.0, 548.0], "Sunglasses": [1.0, 31.0, 31.0], "Wallets": [0.9494047619047619, 319.0, 336.0], "Flip Flops": [0.8746928746928747, 356.0, 407.0], "Sandals": [0.8404761904761905, 353.0, 420.0], "Briefs": [0.9786096256684492, 183.0, 187.0], "Belts": [0.9906542056074766, 318.0, 321.0], "Backpacks": [0.9412997903563941, 449.0, 477.0], "Socks": [0.9005524861878453, 163.0, 181.0], "Formal Shoes": [0.8884892086330936, 247.0, 278.0], "Perfume and Body Mist": [0.0, 0.0, 613.0], "Jeans": [0.966789667896679, 262.0, 271.0]}, "acc_cl_5": {"Tshirts": [0.9983781278962002, 4309.0, 4316.0], "Shirts": [0.9995208433157643, 2086.0, 2087.0], "Casual Shoes": [0.9961389961389961, 1290.0, 1295.0], "Watches": [1.0, 60.0, 60.0], "Sports Shoes": [0.9922077922077922, 1146.0, 1155.0], "Kurtas": [0.9985795454545454, 703.0, 704.0], "Tops": [0.9886201991465149, 695.0, 703.0], "Handbags": [0.99867197875166, 752.0, 753.0], "Heels": [0.9981751824817519, 547.0, 548.0], "Sunglasses": [1.0, 31.0, 31.0], "Wallets": [1.0, 336.0, 336.0], "Flip Flops": [0.9852579852579852, 401.0, 407.0], "Sandals": [0.9952380952380953, 418.0, 420.0], "Briefs": [1.0, 187.0, 187.0], "Belts": [0.9906542056074766, 318.0, 321.0], "Backpacks": [0.9937106918238994, 474.0, 477.0], "Socks": [0.9779005524861878, 177.0, 181.0], "Formal Shoes": [0.9964028776978417, 277.0, 278.0], "Perfume and Body Mist": [0.0, 0.0, 613.0], "Jeans": [0.988929889298893, 268.0, 271.0]}}