{"acc_1": 45.638317246403204, "acc_5": 61.17282826443271, "acc_cl_1": {"Shorts": [0.8767772511848341, 185.0, 211.0], "Trousers": [0.7854406130268199, 205.0, 261.0], "Flats": [0.9493670886075949, 150.0, 158.0], "Bra": [0.9422492401215805, 310.0, 329.0], "Dresses": [0.7526881720430108, 70.0, 93.0], "Sarees": [0, 0, 0], "Earrings": [1.0, 81.0, 81.0], "Deodorant": [0.0, 0.0, 347.0], "Nail Polish": [0.0, 0.0, 329.0], "Lipstick": [0.0, 0.0, 315.0], "Track Pants": [0.7572254335260116, 131.0, 173.0], "Clutches": [0.7916666666666666, 57.0, 72.0], "Sweatshirts": [0.7120622568093385, 183.0, 257.0], "Caps": [0.8549618320610687, 112.0, 131.0], "Sweaters": [0.39215686274509803, 100.0, 255.0], "Ties": [0.9879518072289156, 82.0, 83.0], "Jackets": [0.6382978723404256, 120.0, 188.0], "Innerwear Vests": [0.0, 0.0, 1.0], "Kurtis": [0.5909090909090909, 52.0, 88.0], "Tunics": [0.28888888888888886, 13.0, 45.0], "Nightdress": [0.10625, 17.0, 160.0], "Leggings": [0.6041666666666666, 29.0, 48.0], "Pendant": [0.8518518518518519, 69.0, 81.0], "Capris": [0.5769230769230769, 30.0, 52.0], "Necklace and Chains": [0.875, 35.0, 40.0], "Lip Gloss": [0.0, 0.0, 144.0], "Night suits": [0.5428571428571428, 38.0, 70.0], "Trunk": [0, 0, 0], "Skirts": [0.5094339622641509, 27.0, 53.0], "Scarves": [0.5869565217391305, 27.0, 46.0], "Ring": [0.896551724137931, 52.0, 58.0], "Dupatta": [0.875, 7.0, 8.0], "Cufflinks": [0.9666666666666667, 29.0, 30.0], "Kajal and Eyeliner": [0.0, 0.0, 102.0], "Accessory Gift Set": [1.0, 83.0, 83.0], "Kurta Sets": [0.75, 24.0, 32.0], "Free Gifts": [0.08333333333333333, 1.0, 12.0], "Stoles": [0.2, 2.0, 10.0], "Duffel Bag": [0.7391304347826086, 34.0, 46.0], "Bangle": [0.17391304347826086, 4.0, 23.0], "Laptop Bag": [0.7714285714285715, 27.0, 35.0], "Foundation and Primer": [0.0, 0.0, 76.0], "Sports Sandals": [0.7666666666666667, 23.0, 30.0], "Bracelet": [0.8571428571428571, 18.0, 21.0], "Face Moisturisers": [0.0, 0.0, 61.0], "Lounge Pants": [0.10526315789473684, 2.0, 19.0], "Jewellery Set": [0.7692307692307693, 10.0, 13.0], "Fragrance Gift Set": [0.0, 0.0, 57.0], "Highlighter and Blush": [0.0, 0.0, 53.0], "Boxers": [0, 0, 0], "Compact": [0.0, 0.0, 49.0], "Lip Liner": [0.0, 0.0, 48.0], "Mobile Pouch": [0.3333333333333333, 6.0, 18.0], "Messenger Bag": [0.3333333333333333, 8.0, 24.0], "Eyeshadow": [0.0, 0.0, 42.0], "Suspenders": [0, 0, 0], "Camisoles": [0.11764705882352941, 4.0, 34.0], "Mufflers": [0.3448275862068966, 10.0, 29.0], "Patiala": [0, 0, 0], "Lounge Shorts": [0.0, 0.0, 9.0], "Jeggings": [0, 0, 0], "Salwar": [0, 0, 0], "Stockings": [0.11764705882352941, 2.0, 17.0], "Churidar": [0.0, 0.0, 4.0], "Tracksuits": [0.8, 16.0, 20.0], "Face Wash and Cleanser": [0.0, 0.0, 28.0], "Sunscreen": [0.0, 0.0, 25.0], "Shoe Accessories": [0.0, 0.0, 19.0], "Gloves": [0.8333333333333334, 5.0, 6.0], "Bath Robe": [0.0, 0.0, 20.0], "Hair Colour": [0.0, 0.0, 19.0], "Rain Jacket": [1.0, 2.0, 2.0], "Swimwear": [0.125, 1.0, 8.0], "Waist Pouch": [0.07692307692307693, 1.0, 13.0], "Travel Accessory": [0.1, 1.0, 10.0], "Lip Care": [0.0, 0.0, 16.0], "Baby Dolls": [0.0, 0.0, 16.0], "Jumpsuit": [0.0, 0.0, 2.0], "Waistcoat": [0.0, 0.0, 6.0], "Basketballs": [0.0, 0.0, 11.0], "Mascara": [0.0, 0.0, 13.0], "Booties": [0, 0, 0], "Mask and Peel": [0.0, 0.0, 12.0], "Rompers": [0, 0, 0], "Concealer": [0.0, 0.0, 11.0], "Water Bottle": [1.0, 1.0, 1.0], "Rucksacks": [0.75, 6.0, 8.0], "Shapewear": [0.0, 0.0, 1.0], "Tights": [0.0, 0.0, 1.0], "Footballs": [1.0, 2.0, 2.0], "Clothing Set": [0, 0, 0], "Blazers": [0, 0, 0], "Salwar and Dupatta": [0, 0, 0], "Wristbands": [0.5, 2.0, 4.0], "Headband": [0.0, 0.0, 3.0], "Umbrellas": [0.0, 0.0, 5.0], "Body Lotion": [0.0, 0.0, 6.0], "Nail Essentials": [0.0, 0.0, 6.0], "Shrug": [0.0, 0.0, 1.0], "Eye Cream": [0.0, 0.0, 6.0], "Nehru Jackets": [0, 0, 0], "Face Scrub and Exfoliator": [0.0, 0.0, 5.0], "Toner": [0.0, 0.0, 5.0], "Lehenga Choli": [0, 0, 0], "Lip Plumper": [0.0, 0.0, 4.0], "Makeup Remover": [0.0, 0.0, 3.0], "Beauty Accessory": [0.0, 0.0, 4.0], "Robe": [0.0, 0.0, 3.0], "Trolley Bag": [0, 0, 0], "Hat": [0.0, 0.0, 3.0], "Lounge Tshirts": [0, 0, 0], "Tablet Sleeve": [0, 0, 0], "Rain Trousers": [0.0, 0.0, 1.0], "Face Serum and Gel": [0.0, 0.0, 2.0], "Key chain": [0.0, 0.0, 1.0], "Ties and Cufflinks": [0.0, 0.0, 2.0], "Shoe Laces": [0.0, 0.0, 1.0], "Body Wash and Scrub": [0.0, 0.0, 1.0], "Mens Grooming Kit": [0.0, 0.0, 1.0], "Cushion Covers": [0, 0, 0], "Hair Accessory": [0, 0, 0], "Ipad": [0, 0, 0]}, "acc_cl_5": {"Shorts": [0.966824644549763, 204.0, 211.0], "Trousers": [0.9808429118773946, 256.0, 261.0], "Flats": [1.0, 158.0, 158.0], "Bra": [0.9908814589665653, 326.0, 329.0], "Dresses": [0.978494623655914, 91.0, 93.0], "Sarees": [0, 0, 0], "Earrings": [1.0, 81.0, 81.0], "Deodorant": [0.0, 0.0, 347.0], "Nail Polish": [0.0, 0.0, 329.0], "Lipstick": [0.0, 0.0, 315.0], "Track Pants": [0.9479768786127167, 164.0, 173.0], "Clutches": [0.9861111111111112, 71.0, 72.0], "Sweatshirts": [0.953307392996109, 245.0, 257.0], "Caps": [0.916030534351145, 120.0, 131.0], "Sweaters": [0.7843137254901961, 200.0, 255.0], "Ties": [0.9879518072289156, 82.0, 83.0], "Jackets": [0.9202127659574468, 173.0, 188.0], "Innerwear Vests": [0.0, 0.0, 1.0], "Kurtis": [0.9772727272727273, 86.0, 88.0], "Tunics": [1.0, 45.0, 45.0], "Nightdress": [0.74375, 119.0, 160.0], "Leggings": [0.875, 42.0, 48.0], "Pendant": [0.9629629629629629, 78.0, 81.0], "Capris": [0.9807692307692307, 51.0, 52.0], "Necklace and Chains": [1.0, 40.0, 40.0], "Lip Gloss": [0.0, 0.0, 144.0], "Night suits": [0.8571428571428571, 60.0, 70.0], "Trunk": [0, 0, 0], "Skirts": [0.7169811320754716, 38.0, 53.0], "Scarves": [0.8260869565217391, 38.0, 46.0], "Ring": [0.9827586206896551, 57.0, 58.0], "Dupatta": [1.0, 8.0, 8.0], "Cufflinks": [1.0, 30.0, 30.0], "Kajal and Eyeliner": [0.0, 0.0, 102.0], "Accessory Gift Set": [1.0, 83.0, 83.0], "Kurta Sets": [1.0, 32.0, 32.0], "Free Gifts": [0.5, 6.0, 12.0], "Stoles": [0.8, 8.0, 10.0], "Duffel Bag": [0.9565217391304348, 44.0, 46.0], "Bangle": [0.782608695652174, 18.0, 23.0], "Laptop Bag": [1.0, 35.0, 35.0], "Foundation and Primer": [0.0, 0.0, 76.0], "Sports Sandals": [0.9666666666666667, 29.0, 30.0], "Bracelet": [1.0, 21.0, 21.0], "Face Moisturisers": [0.0, 0.0, 61.0], "Lounge Pants": [0.7368421052631579, 14.0, 19.0], "Jewellery Set": [1.0, 13.0, 13.0], "Fragrance Gift Set": [0.0, 0.0, 57.0], "Highlighter and Blush": [0.0, 0.0, 53.0], "Boxers": [0, 0, 0], "Compact": [0.0, 0.0, 49.0], "Lip Liner": [0.0, 0.0, 48.0], "Mobile Pouch": [0.8888888888888888, 16.0, 18.0], "Messenger Bag": [0.9166666666666666, 22.0, 24.0], "Eyeshadow": [0.0, 0.0, 42.0], "Suspenders": [0, 0, 0], "Camisoles": [0.7352941176470589, 25.0, 34.0], "Mufflers": [0.9655172413793104, 28.0, 29.0], "Patiala": [0, 0, 0], "Lounge Shorts": [0.5555555555555556, 5.0, 9.0], "Jeggings": [0, 0, 0], "Salwar": [0, 0, 0], "Stockings": [0.5294117647058824, 9.0, 17.0], "Churidar": [0.5, 2.0, 4.0], "Tracksuits": [0.95, 19.0, 20.0], "Face Wash and Cleanser": [0.0, 0.0, 28.0], "Sunscreen": [0.0, 0.0, 25.0], "Shoe Accessories": [0.10526315789473684, 2.0, 19.0], "Gloves": [1.0, 6.0, 6.0], "Bath Robe": [0.0, 0.0, 20.0], "Hair Colour": [0.0, 0.0, 19.0], "Rain Jacket": [1.0, 2.0, 2.0], "Swimwear": [0.75, 6.0, 8.0], "Waist Pouch": [0.6923076923076923, 9.0, 13.0], "Travel Accessory": [0.7, 7.0, 10.0], "Lip Care": [0.0, 0.0, 16.0], "Baby Dolls": [0.0, 0.0, 16.0], "Jumpsuit": [1.0, 2.0, 2.0], "Waistcoat": [0.6666666666666666, 4.0, 6.0], "Basketballs": [1.0, 11.0, 11.0], "Mascara": [0.0, 0.0, 13.0], "Booties": [0, 0, 0], "Mask and Peel": [0.0, 0.0, 12.0], "Rompers": [0, 0, 0], "Concealer": [0.0, 0.0, 11.0], "Water Bottle": [1.0, 1.0, 1.0], "Rucksacks": [0.875, 7.0, 8.0], "Shapewear": [1.0, 1.0, 1.0], "Tights": [0.0, 0.0, 1.0], "Footballs": [1.0, 2.0, 2.0], "Clothing Set": [0, 0, 0], "Blazers": [0, 0, 0], "Salwar and Dupatta": [0, 0, 0], "Wristbands": [1.0, 4.0, 4.0], "Headband": [1.0, 3.0, 3.0], "Umbrellas": [0.0, 0.0, 5.0], "Body Lotion": [0.0, 0.0, 6.0],